,loss,accuracy,val_loss,val_accuracy
0,0.6602364535904014,0.6641263365745544,0.6359720528125763,0.722000002861023
1,0.6328522178208961,0.6921980381011963,0.624145632982254,0.7200000286102295
2,0.6243296620635206,0.7029442191123962,0.6169681072235107,0.718999981880188
3,0.6167446935678157,0.7109490633010864,0.6117475390434265,0.7250000238418579
4,0.6153757491455024,0.7082076668739319,0.6079685866832734,0.7269999980926514
5,0.6099907108334649,0.7117166519165039,0.6049655973911285,0.7279999852180481
6,0.6072053996099245,0.7113876938819885,0.6025070190429688,0.7329999804496765
7,0.6055449831086401,0.7113876938819885,0.6005213797092438,0.7360000014305115
8,0.6048128514267895,0.7138000726699829,0.5988282680511474,0.7379999756813049
9,0.6031798141012721,0.7168155908584595,0.5973672449588776,0.7400000095367432
10,0.6015271923345813,0.71577388048172,0.5960625410079956,0.7409999966621399
11,0.6000604866804461,0.7191183567047119,0.5948670148849488,0.7419999837875366
12,0.5985638061220221,0.7190635204315186,0.5937757670879364,0.7400000095367432
13,0.5984918537994273,0.717747688293457,0.5927852749824524,0.7390000224113464
14,0.595989006846952,0.7197763323783875,0.5918704152107239,0.7400000095367432
15,0.5953851919587528,0.7206535339355469,0.5910216152668,0.7379999756813049
16,0.5933260816290907,0.7214759588241577,0.5902179777622223,0.7379999756813049
17,0.5952156166071118,0.7215307950973511,0.5895031750202179,0.7390000224113464
18,0.5946512045590486,0.7214211225509644,0.588841462135315,0.7379999756813049
19,0.5937696561438713,0.7216952443122864,0.5882012605667114,0.7390000224113464
20,0.5920850897026178,0.721366286277771,0.5875839531421662,0.7390000224113464
21,0.5926826977796464,0.7227917909622192,0.587013554573059,0.7390000224113464
22,0.5930029383856801,0.7213114500045776,0.5864846706390381,0.7390000224113464
23,0.5920052943545231,0.7248204350471497,0.5859685242176056,0.7390000224113464
24,0.5907571076353336,0.7252042293548584,0.585475504398346,0.7390000224113464
25,0.5905729397012905,0.7242721915245056,0.5850099265575409,0.7390000224113464
26,0.5891765055409897,0.7241076827049255,0.5845533430576324,0.7390000224113464
27,0.5892695619307156,0.7271232008934021,0.5841069877147674,0.7369999885559082
28,0.5894214244544803,0.7209276556968689,0.5836921155452728,0.7369999885559082
29,0.5874316260489045,0.725149393081665,0.5832782506942749,0.7369999885559082
30,0.5856001725439453,0.7254783511161804,0.582871675491333,0.7369999885559082
31,0.5880516458302123,0.724601149559021,0.5824995994567871,0.7369999885559082
32,0.5874564865615991,0.7232852578163147,0.5821491003036499,0.7369999885559082
33,0.5865309512061608,0.7244914770126343,0.5817965626716614,0.7369999885559082
34,0.5864459268879071,0.7258621454238892,0.5814575493335724,0.7360000014305115
35,0.5874635485208272,0.7244366407394409,0.5811397850513458,0.7360000014305115
36,0.5859072059156001,0.7235046029090881,0.5808253824710846,0.7360000014305115
37,0.5853869354942531,0.7259718179702759,0.5805111348628997,0.7360000014305115
38,0.5872383417218615,0.7239980101585388,0.5802331924438476,0.7360000014305115
39,0.5835074776097003,0.7288776636123657,0.5799375355243683,0.7360000014305115
40,0.5855625995588876,0.7260266542434692,0.5796598017215728,0.7360000014305115
41,0.5843837346951686,0.7266297340393066,0.5793864071369171,0.7360000014305115
42,0.5848807474880457,0.7249849438667297,0.5791250884532928,0.7369999885559082
43,0.5845517520221142,0.7264652848243713,0.5788661062717437,0.7379999756813049
44,0.5839999068776167,0.7292066216468811,0.5786133646965027,0.7379999756813049
45,0.5855305971718389,0.7273424863815308,0.5783736109733582,0.7390000224113464
46,0.5854029591338821,0.7266845703125,0.57813760638237,0.7390000224113464
47,0.5844615598024,0.7270135283470154,0.5779130518436432,0.7379999756813049
48,0.5828622857025889,0.7275618314743042,0.5776790082454681,0.7379999756813049
49,0.5821173090645603,0.7301387190818787,0.5774529874324799,0.7379999756813049
50,0.5817803559357402,0.7288228273391724,0.5772283196449279,0.7390000224113464
51,0.5823079204048215,0.7288228273391724,0.5770144104957581,0.7390000224113464
52,0.5801525927634411,0.7313449382781982,0.5767983198165894,0.7390000224113464
53,0.5833851255288974,0.7263007760047913,0.5766057014465332,0.7379999756813049
54,0.581375062135602,0.7311255931854248,0.5763995230197907,0.7390000224113464
55,0.5816366260881402,0.7300838828086853,0.5762010216712952,0.7390000224113464
56,0.5827382974434046,0.7294259667396545,0.5760164082050323,0.7390000224113464
57,0.5815403394822234,0.728493869304657,0.5758276879787445,0.7390000224113464
58,0.580951581072393,0.728219747543335,0.575640082359314,0.7390000224113464
59,0.5812840094312227,0.7314545512199402,0.5754586815834045,0.7390000224113464
60,0.5807401738549032,0.7277811169624329,0.5752808094024658,0.7390000224113464
61,0.5810842753809607,0.7312352657318115,0.5751073479652404,0.7390000224113464
62,0.5813389745052201,0.7276166677474976,0.574938851594925,0.7390000224113464
63,0.5805069062197259,0.7274521589279175,0.5747699797153473,0.7379999756813049
64,0.5805166873733061,0.7282745838165283,0.574605792760849,0.7379999756813049
65,0.5803468900393797,0.7305773496627808,0.5744423806667328,0.7379999756813049
66,0.5793877668505967,0.7310159802436829,0.5742717087268829,0.7379999756813049
67,0.5800241137996657,0.7285487055778503,0.5741146206855774,0.7379999756813049
68,0.5794626636014669,0.732002854347229,0.5739523410797119,0.7379999756813049
69,0.58013040119504,0.7305773496627808,0.5738029658794404,0.7379999756813049
70,0.5798222112828189,0.7255880236625671,0.5736518919467926,0.7379999756813049
71,0.5791972197032209,0.7311804294586182,0.57350834608078,0.7379999756813049
72,0.5792204865539236,0.7284390330314636,0.5733606398105622,0.7379999756813049
73,0.5779249917500714,0.731728732585907,0.573213130235672,0.7379999756813049
74,0.5788020590194923,0.7322221398353577,0.5730743646621704,0.7379999756813049
75,0.5797627899421791,0.7312352657318115,0.57293621301651,0.7390000224113464
76,0.5789653112199578,0.7320576906204224,0.5728035390377044,0.7390000224113464
77,0.5787876073261436,0.7321673631668091,0.5726630449295044,0.7390000224113464
78,0.5789399063471502,0.7308514714241028,0.5725329458713532,0.7379999756813049
79,0.5785341338863224,0.7302483916282654,0.5724037289619446,0.7369999885559082
80,0.5773325768849902,0.7320576906204224,0.5722693502902985,0.7369999885559082
81,0.5786994057492773,0.733538031578064,0.5721428453922272,0.7369999885559082
82,0.5756547171476477,0.7334831953048706,0.5720100700855255,0.7369999885559082
83,0.5777884655971591,0.7333735227584839,0.5718819081783295,0.7369999885559082
84,0.5769639253956202,0.7287680506706238,0.571755462884903,0.7369999885559082
85,0.5773871350140678,0.7337024807929993,0.5716359317302704,0.7369999885559082
86,0.577109380078568,0.7329348921775818,0.571513319015503,0.7369999885559082
87,0.576657201514523,0.7341959476470947,0.5713952124118805,0.7369999885559082
88,0.5763611936590128,0.7337573170661926,0.5712727785110474,0.7369999885559082
89,0.5781286788343618,0.730193555355072,0.5711583077907563,0.7360000014305115
90,0.5753812827139257,0.7350732088088989,0.5710375666618347,0.7360000014305115
91,0.5763586438782572,0.7313449382781982,0.5709248721599579,0.7360000014305115
92,0.576422789103499,0.7311804294586182,0.5708095669746399,0.7360000014305115
93,0.5767257677187841,0.7324963212013245,0.5706986248493194,0.7360000014305115
94,0.5758092172300484,0.7334283590316772,0.5705899477005005,0.7360000014305115
95,0.5755393340226962,0.7343604564666748,0.5704776287078858,0.7350000143051147
96,0.576958021686111,0.7309611439704895,0.5703684568405152,0.7350000143051147
97,0.5760532219790727,0.7336477041244507,0.5702653169631958,0.7350000143051147
98,0.5752565746826589,0.733812153339386,0.5701605618000031,0.7360000014305115
99,0.5754103765028062,0.7326607704162598,0.5700555682182312,0.7360000014305115
